{
	"info": {
		"_postman_id": "aa68421c-1aef-473b-9eb1-0cb8aac23024",
		"name": "AutomateDeployment",
		"schema": "https://schema.getpostman.com/json/collection/v2.1.0/collection.json",
		"_exporter_id": "13519381"
	},
	"item": [
		{
			"name": "Create new docker",
			"request": {
				"method": "POST",
				"header": [],
				"body": {
					"mode": "formdata",
					"formdata": [
						{
							"key": "name",
							"value": "python-awskeyy",
							"type": "text"
						},
						{
							"key": "yaml",
							"value": "https://raw.githubusercontent.com/javierrome236/quantumDeployment/main/openapi_old.yaml",
							"type": "text"
						},
						{
							"key": "aws_access_key",
							"value": "",
							"type": "text"
						},
						{
							"key": "aws_secret",
							"value": "",
							"type": "text"
						}
					]
				},
				"url": {
					"raw": "54.155.193.167:8081/docker",
					"host": [
						"54",
						"155",
						"193",
						"167"
					],
					"port": "8081",
					"path": [
						"docker"
					]
				}
			},
			"response": []
		},
		{
			"name": "Test API",
			"request": {
				"method": "GET",
				"header": [],
				"url": {
					"raw": "54.155.193.167:8081/hello",
					"host": [
						"54",
						"155",
						"193",
						"167"
					],
					"port": "8081",
					"path": [
						"hello"
					]
				}
			},
			"response": []
		}
	]
}