{
	"info": {
		"_postman_id": "ced45c74-22bc-4e79-9688-c6d74a91f7f1",
		"name": "Shor service ICWE Tutorial",
		"schema": "https://schema.getpostman.com/json/collection/v2.1.0/collection.json",
		"_exporter_id": "15333015"
	},
	"item": [
		{
			"name": "Shor local simulator",
			"request": {
				"method": "GET",
				"header": [],
				"url": {
					"raw": "http://localhost:33888/execute?device=local&shots=1000",
					"protocol": "http",
					"host": [
						"localhost"
					],
					"port": "33888",
					"path": [
						"execute"
					],
					"query": [
						{
							"key": "device",
							"value": "local"
						},
						{
							"key": "shots",
							"value": "1000"
						}
					]
				}
			},
			"response": []
		},
		{
			"name": "Shor real device",
			"request": {
				"method": "GET",
				"header": [],
				"url": {
					"raw": "http://localhost:33888/execute?device=ibm_brisbane&shots=1000",
					"protocol": "http",
					"host": [
						"localhost"
					],
					"port": "33888",
					"path": [
						"execute"
					],
					"query": [
						{
							"key": "device",
							"value": "ibm_brisbane"
						},
						{
							"key": "shots",
							"value": "1000"
						}
					]
				}
			},
			"response": []
		}
	]
}